pretrain size,tokeniser train time (CPU),model train time (GPU)
1M,27.999451931000003,12475.796875
5M,152.732168269,10242.0224609375
10M,157.250859977,0.0
20M,159.36086594300002,0.0
50M,169.309566132,0.0
100M,193.698465822,0.0
